<?xml version="1.0" encoding="GBK"?>
<!--  This file conforms to the DTD xdc/bld/release.dtd -->
<release name="cyhc_dsp_core7" label="default" date="1555901937098" buildCount="1" producerId="undefined">
<package name="cyhc.dsp.core7"
    version=""/>
<imports>
</imports>
<references>
    <package name="xdc"
        version="1, 1, 1, 1542835756466"
        providerId="C:/ti/xdctools_3_51_01_18_core/packages">
        <file name="IPackage.xdc"/>
        <file name="IPackage.xs"/>
        <file name="Warnings.xs"/>
        <file name="om2.xs"/>
        <file name="package.xs"/>
        <file name="template.xs"/>
        <file name="utils.js"/>
        <file name="xdc.tci"/>
        <file name="xmlgen.xs"/>
        <file name="xmlgen2.xs"/>
    </package>
    <package name="xdc.services.global"
        version="1, 0, 0, 1542835853320"
        providerId="C:/ti/xdctools_3_51_01_18_core/packages">
        <file name="Clock.xs"/>
        <file name="Trace.xs"/>
        <file name="java\package.jar"/>
    </package>
    <package name="xdc.bld"
        version="1, 0, 2, 1542835765354"
        providerId="C:/ti/xdctools_3_51_01_18_core/packages">
        <file name="BuildEnvironment.xs"/>
        <file name="Configuration.xs"/>
        <file name="Executable.xs"/>
        <file name="ITarget.xs"/>
        <file name="ITarget2.xs"/>
        <file name="ITarget3.xs"/>
        <file name="ITargetFilter.xs"/>
        <file name="Library.xs"/>
        <file name="Manifest.xs"/>
        <file name="PackageContents.xs"/>
        <file name="Repository.xs"/>
        <file name="Script.xs"/>
        <file name="Utils.xs"/>
        <file name="_gen.xs"/>
        <file name="bld.js"/>
        <file name="package.xs"/>
    </package>
    <package name="xdc.platform"
        version="1, 0, 1, 1542835791769"
        providerId="C:/ti/xdctools_3_51_01_18_core/packages">
        <file name="ICpuDataSheet.xdc"/>
        <file name="IExeContext.xdc"/>
        <file name="IPeripheral.xdc"/>
        <file name="IPlatform.xdc"/>
    </package>
    <package name="ti.platforms.generic"
        version="1, 0, 0, 1, 1533335431822"
        providerId="C:/ti/sdk-k2h/bios_6_73_01_01/packages">
        <file name="Platform.xdc"/>
    </package>
    <package name="xdc.services.spec"
        version="1, 0, 0, 1542835907201"
        providerId="C:/ti/xdctools_3_51_01_18_core/packages">
        <file name="java\package.jar"/>
    </package>
    <package name="xdc.shelf"
        version="1, 0, 0, 1542835942181"
        providerId="C:/ti/xdctools_3_51_01_18_core/packages">
        <file name="java\antlr.jar"/>
        <file name="java\ecj.jar"/>
        <file name="java\js.jar"/>
        <file name="java\tar.jar"/>
    </package>
    <package name="xdc.services.intern.cmd"
        version="1, 0, 0, 1542835878203"
        providerId="C:/ti/xdctools_3_51_01_18_core/packages">
        <file name="java\package.jar"/>
    </package>
    <package name="xdc.services.intern.gen"
        version="1, 0, 0, 1542835883096"
        providerId="C:/ti/xdctools_3_51_01_18_core/packages">
        <file name="java\package.jar"/>
    </package>
    <package name="xdc.services.intern.xsr"
        version="1, 0, 0, 1542835888040"
        providerId="C:/ti/xdctools_3_51_01_18_core/packages">
        <file name="java\package.jar"/>
    </package>
    <xdcRoot base="C:/ti/xdctools_3_51_01_18_core/">
        <file name="/packages/xdc/package.xdc"/>
        <xdcCorePkg version="16, 0, 2, 1542835786869" producerId="/db/ztree/library/trees/xdc/xdc-F07/src/packages" buildCount="2" releaseName="xdc_corevers" label="default" date="1542835786869"/>
    </xdcRoot>
</references>
<orphans>
</orphans>
</release>
